name,city,state,type,rank,fees,rating,reviews,about,courses,placements,facilities,imageUrl,acceptanceRate,worldRank,countryRank,stateRank,naac_grade
College 1,Ahmedabad,Rajasthan,State University,16,202436,4.9,553,College 1 is a prestigious institution located in Ahmedabad; Rajasthan. Known for its excellent academic programs and state-of-the-art facilities.,BDS|MBA Operations|B.Tech ECE|B.Arch|MBA IT|B.Tech AI,Average package: ₹13 LPA; Highest package: ₹28 LPA,Hostel|Transport|ATM,https://example.com/college1.jpg,0.3051915398292665,3590,16,1,A+
College 2,Patna,Tamil Nadu,Government,106,235707,4.4,1668,College 2 is a prestigious institution located in Patna; Tamil Nadu. Known for its excellent academic programs and state-of-the-art facilities.,MBA Marketing|B.Tech CE|B.Arch,Average package: ₹17 LPA; Highest package: ₹41 LPA,WiFi|Library|Medical Center,https://example.com/college2.jpg,0.3538899298838948,1899,106,15,A+
College 3,Pune,Tamil Nadu,Institute of National Importance,198,158257,3.6,1619,College 3 is a prestigious institution located in Pune; Tamil Nadu. Known for its excellent academic programs and state-of-the-art facilities.,BBA,Average package: ₹10 LPA; Highest package: ₹34 LPA,Research Labs|WiFi|ATM,https://example.com/college3.jpg,0.4519659994788947,4996,198,15,A+
College 4,Srinagar,Madhya Pradesh,Autonomous,154,348541,4.3,536,College 4 is a prestigious institution located in Srinagar; Madhya Pradesh. Known for its excellent academic programs and state-of-the-art facilities.,B.Tech IT|MBA Finance|BA,Average package: ₹15 LPA; Highest package: ₹20 LPA,Auditorium|WiFi|Computer Center|Parking|Library|Innovation Center,https://example.com/college4.jpg,0.11600284946975999,4719,154,16,B+
College 5,Kolkata,Rajasthan,Autonomous,37,428777,4.1,476,College 5 is a prestigious institution located in Kolkata; Rajasthan. Known for its excellent academic programs and state-of-the-art facilities.,MBA HR|BCA|B.Pharma|B.Des|B.Tech ECE|MBA Marketing|B.Tech AI|BA,Average package: ₹8 LPA; Highest package: ₹21 LPA,Parking|Library|Research Labs,https://example.com/college5.jpg,0.3022506283398597,4015,37,11,A
College 6,Mumbai,Assam,Institute of National Importance,10,309925,4.9,506,College 6 is a prestigious institution located in Mumbai; Assam. Known for its excellent academic programs and state-of-the-art facilities.,B.Tech ME|B.Tech CE|B.Tech IT|B.Arch|B.Des|BBA,Average package: ₹6 LPA; Highest package: ₹11 LPA,WiFi|Auditorium|Labs|Innovation Center|Research Labs|Computer Center|Library|Hostel,https://example.com/college6.jpg,0.182404730128241,5753,10,12,B+
College 7,Faridabad,Rajasthan,Private,16,328608,4.5,1303,College 7 is a prestigious institution located in Faridabad; Rajasthan. Known for its excellent academic programs and state-of-the-art facilities.,B.Tech IT|MBA Finance|BA,Average package: ₹14 LPA; Highest package: ₹35 LPA,Cafeteria|Innovation Center|WiFi|Library|Bank|Transport|Canteen,https://example.com/college7.jpg,0.1898397685919862,2658,16,5,A+
College 8,Ludhiana,Madhya Pradesh,Institute of National Importance,48,161093,3.9,1556,College 8 is a prestigious institution located in Ludhiana; Madhya Pradesh. Known for its excellent academic programs and state-of-the-art facilities.,B.Des|B.Tech ECE|BCA|BDS|B.Tech IT|B.Tech CSE,Average package: ₹8 LPA; Highest package: ₹13 LPA,Labs|Conference Hall|Computer Center|WiFi|Medical Center|Transport|Bank,https://example.com/college8.jpg,0.3136300647487148,4057,48,8,A++
College 9,Varanasi,Kerala,Autonomous,156,485029,4.0,1278,College 9 is a prestigious institution located in Varanasi; Kerala. Known for its excellent academic programs and state-of-the-art facilities.,MBA IT|MBA Finance|BDS|B.Tech AI|B.Arch|BA|B.Tech ME|MBA Operations,Average package: ₹14 LPA; Highest package: ₹35 LPA,Labs|Sports Complex|Cafeteria|Conference Hall|Canteen|Research Labs,https://example.com/college9.jpg,0.2894767279598445,3950,156,12,A+
College 10,Faridabad,Rajasthan,Deemed University,174,262269,3.6,409,College 10 is a prestigious institution located in Faridabad; Rajasthan. Known for its excellent academic programs and state-of-the-art facilities.,B.Com|B.Tech AI,Average package: ₹8 LPA; Highest package: ₹20 LPA,Innovation Center|Canteen|Library|ATM|Gym,https://example.com/college10.jpg,0.3007032756575404,5270,174,7,A+
College 11,Indore,Tamil Nadu,Private University,106,518021,3.1,1500,College 11 is a prestigious institution located in Indore; Tamil Nadu. Known for its excellent academic programs and state-of-the-art facilities.,BA|MBA Marketing|BDS|BBA|MBA IT|B.Tech ECE|B.Tech ME|MBA Operations,Average package: ₹8 LPA; Highest package: ₹28 LPA,Research Labs|Medical Center|Innovation Center|Hostel|Sports Complex,https://example.com/college11.jpg,0.2897563767969066,2336,106,12,B+
College 12,Pimpri-Chinchwad,Rajasthan,Institute of National Importance,200,243364,4.7,945,College 12 is a prestigious institution located in Pimpri-Chinchwad; Rajasthan. Known for its excellent academic programs and state-of-the-art facilities.,B.Arch|B.Des,Average package: ₹11 LPA; Highest package: ₹30 LPA,Conference Hall|Library|Research Labs|Computer Center,https://example.com/college12.jpg,0.30670863097854706,2286,200,17,A++
College 13,Ahmedabad,West Bengal,Central University,117,189597,3.4,371,College 13 is a prestigious institution located in Ahmedabad; West Bengal. Known for its excellent academic programs and state-of-the-art facilities.,B.Tech CE|B.Tech IT|B.Tech ECE|B.Tech AI,Average package: ₹6 LPA; Highest package: ₹23 LPA,Library|Research Labs|Conference Hall,https://example.com/college13.jpg,0.17723415716270696,1941,117,9,A
College 14,Kanpur,Gujarat,Central University,121,352170,5.0,1684,College 14 is a prestigious institution located in Kanpur; Gujarat. Known for its excellent academic programs and state-of-the-art facilities.,B.Tech ME|B.Com|B.Tech AI|MBA Finance,Average package: ₹13 LPA; Highest package: ₹24 LPA,Bank|Auditorium|Labs,https://example.com/college14.jpg,0.3741638407548785,3187,121,3,A++
College 15,Vadodara,Assam,Autonomous,157,162107,3.7,1669,College 15 is a prestigious institution located in Vadodara; Assam. Known for its excellent academic programs and state-of-the-art facilities.,B.Tech AI,Average package: ₹11 LPA; Highest package: ₹19 LPA,Parking|Innovation Center|Gym|Bank|Hostel|Medical Center|Labs|Conference Hall,https://example.com/college15.jpg,0.28912745147121466,4202,157,10,A
College 16,Meerut,Karnataka,Government,157,381843,4.3,1423,College 16 is a prestigious institution located in Meerut; Karnataka. Known for its excellent academic programs and state-of-the-art facilities.,B.Tech IT|B.Arch|B.Des|B.Tech AI|MBA Marketing|BDS,Average package: ₹7 LPA; Highest package: ₹25 LPA,Bank|Conference Hall|Sports Complex|Auditorium,https://example.com/college16.jpg,0.4321626711583636,5990,157,8,B++
College 17,Agra,Kerala,Private,167,94974,3.1,1790,College 17 is a prestigious institution located in Agra; Kerala. Known for its excellent academic programs and state-of-the-art facilities.,MBA Finance|MBA HR,Average package: ₹4 LPA; Highest package: ₹17 LPA,Library|Canteen|Cafeteria|Transport,https://example.com/college17.jpg,0.21184392631961457,4675,167,15,A++
College 18,Bangalore,Uttar Pradesh,State University,154,94149,5.0,593,College 18 is a prestigious institution located in Bangalore; Uttar Pradesh. Known for its excellent academic programs and state-of-the-art facilities.,B.Arch|B.Tech IT|BCA|B.Com|BBA|B.Tech ME|MBA Finance,Average package: ₹10 LPA; Highest package: ₹29 LPA,Transport|Canteen|Computer Center|Sports Complex|Library|Cafeteria|Innovation Center,https://example.com/college18.jpg,0.3319895765702481,1815,154,5,A++
College 19,Lucknow,Assam,Institute of National Importance,179,209529,4.3,1297,College 19 is a prestigious institution located in Lucknow; Assam. Known for its excellent academic programs and state-of-the-art facilities.,MBA IT|B.Tech CSE|BA|B.Com|BBA|B.Sc,Average package: ₹3 LPA; Highest package: ₹10 LPA,Gym|Canteen|Hostel|ATM|Labs,https://example.com/college19.jpg,0.362840371520352,1482,179,8,B+
College 20,Nagpur,Odisha,Private,23,162830,3.7,1190,College 20 is a prestigious institution located in Nagpur; Odisha. Known for its excellent academic programs and state-of-the-art facilities.,BCA|MBA Operations|BBA|B.Tech IT,Average package: ₹5 LPA; Highest package: ₹15 LPA,Gym|Medical Center|Conference Hall|Transport|Bank,https://example.com/college20.jpg,0.4658916471765493,4345,23,3,A
College 21,Hyderabad,Karnataka,Government,178,283978,3.3,1037,College 21 is a prestigious institution located in Hyderabad; Karnataka. Known for its excellent academic programs and state-of-the-art facilities.,B.Sc|B.Arch|B.Tech IT|MBA Marketing,Average package: ₹5 LPA; Highest package: ₹10 LPA,Conference Hall|Medical Center|ATM|Computer Center|Sports Complex|Parking,https://example.com/college21.jpg,0.16905336454929812,5647,178,16,B++
College 22,Mumbai,Bihar,State University,170,547064,3.2,59,College 22 is a prestigious institution located in Mumbai; Bihar. Known for its excellent academic programs and state-of-the-art facilities.,BA|B.Pharma|MBA HR|BCA|B.Tech ECE|B.Tech ME,Average package: ₹6 LPA; Highest package: ₹28 LPA,Sports Complex|Hostel|Computer Center|Transport|Gym|Bank|Canteen,https://example.com/college22.jpg,0.3819766459169259,2661,170,10,B+
College 23,Ludhiana,Tamil Nadu,Autonomous,12,108829,3.9,1342,College 23 is a prestigious institution located in Ludhiana; Tamil Nadu. Known for its excellent academic programs and state-of-the-art facilities.,B.Tech AI|B.Tech CSE,Average package: ₹5 LPA; Highest package: ₹20 LPA,Medical Center|Transport|Auditorium|Gym|Library,https://example.com/college23.jpg,0.37619329234302923,1490,12,16,B++
College 24,Delhi,Maharashtra,Deemed University,189,442018,4.9,1206,College 24 is a prestigious institution located in Delhi; Maharashtra. Known for its excellent academic programs and state-of-the-art facilities.,B.Sc|B.Tech CE|B.Tech CSE|MBA Finance|MBA HR|MBA Operations|B.Com|B.Tech AI,Average package: ₹17 LPA; Highest package: ₹40 LPA,Cafeteria|Medical Center|WiFi|ATM|Labs,https://example.com/college24.jpg,0.4994595120372253,3279,189,10,A
College 25,Lucknow,Gujarat,Private,90,532766,4.8,1160,College 25 is a prestigious institution located in Lucknow; Gujarat. Known for its excellent academic programs and state-of-the-art facilities.,BDS|MBA HR|B.Tech IT|MBA IT|BA,Average package: ₹13 LPA; Highest package: ₹18 LPA,WiFi|ATM|Computer Center|Sports Complex|Library|Parking|Labs|Conference Hall,https://example.com/college25.jpg,0.418318974900194,5419,90,1,B+
College 26,Varanasi,Andhra Pradesh,Private,123,389440,3.3,1801,College 26 is a prestigious institution located in Varanasi; Andhra Pradesh. Known for its excellent academic programs and state-of-the-art facilities.,BCA|MBA IT,Average package: ₹8 LPA; Highest package: ₹18 LPA,Auditorium|Conference Hall|Cafeteria|Medical Center|Transport|Innovation Center,https://example.com/college26.jpg,0.12150972991012027,5572,123,18,B+
College 27,Thane,Haryana,Deemed University,93,405653,4.3,893,College 27 is a prestigious institution located in Thane; Haryana. Known for its excellent academic programs and state-of-the-art facilities.,B.Des|BA|MBA HR|B.Tech AI,Average package: ₹15 LPA; Highest package: ₹26 LPA,Bank|Conference Hall|Hostel|Medical Center|Parking|Research Labs|Canteen,https://example.com/college27.jpg,0.4087583621858477,2471,93,12,A+
College 28,Meerut,Chhattisgarh,Deemed University,128,247846,3.6,1527,College 28 is a prestigious institution located in Meerut; Chhattisgarh. Known for its excellent academic programs and state-of-the-art facilities.,BDS,Average package: ₹5 LPA; Highest package: ₹26 LPA,Auditorium|Innovation Center|Transport|Computer Center|Sports Complex|Gym|Canteen,https://example.com/college28.jpg,0.30978055870247856,2244,128,8,A+
College 29,Indore,Uttarakhand,Private,89,536349,3.6,1592,College 29 is a prestigious institution located in Indore; Uttarakhand. Known for its excellent academic programs and state-of-the-art facilities.,B.Tech ME|B.Des|B.Tech CE|B.Sc|B.Tech CSE,Average package: ₹15 LPA; Highest package: ₹27 LPA,Parking|Computer Center|Canteen|Labs|Medical Center,https://example.com/college29.jpg,0.17095911027543492,3220,89,19,A+
College 30,Varanasi,Odisha,Private University,94,538209,4.0,1537,College 30 is a prestigious institution located in Varanasi; Odisha. Known for its excellent academic programs and state-of-the-art facilities.,B.Des|BCA|BA|MBA Finance|BDS,Average package: ₹6 LPA; Highest package: ₹19 LPA,WiFi|Research Labs|Gym|Library,https://example.com/college30.jpg,0.11186632629012278,3723,94,20,A++
College 31,Faridabad,Madhya Pradesh,Institute of National Importance,9,124138,4.3,1665,College 31 is a prestigious institution located in Faridabad; Madhya Pradesh. Known for its excellent academic programs and state-of-the-art facilities.,MBA Finance|B.Pharma|BDS,Average package: ₹17 LPA; Highest package: ₹38 LPA,Gym|Conference Hall|Cafeteria|Sports Complex|Library|Computer Center,https://example.com/college31.jpg,0.13689924387673746,1073,9,17,A++
College 32,Kalyan-Dombivali,West Bengal,Institute of National Importance,35,445974,4.7,1635,College 32 is a prestigious institution located in Kalyan-Dombivali; West Bengal. Known for its excellent academic programs and state-of-the-art facilities.,B.Tech AI,Average package: ₹4 LPA; Highest package: ₹19 LPA,WiFi|Labs,https://example.com/college32.jpg,0.419166822470627,2602,35,20,A+
College 33,Kolkata,Madhya Pradesh,Institute of National Importance,194,270760,4.0,324,College 33 is a prestigious institution located in Kolkata; Madhya Pradesh. Known for its excellent academic programs and state-of-the-art facilities.,B.Tech ECE|MBA Marketing|BBA|MBA Operations|MBA IT,Average package: ₹17 LPA; Highest package: ₹23 LPA,Library|Cafeteria|Computer Center|Bank,https://example.com/college33.jpg,0.13173339865199163,3191,194,14,A++
College 34,Mumbai,Maharashtra,State University,83,117287,4.6,703,College 34 is a prestigious institution located in Mumbai; Maharashtra. Known for its excellent academic programs and state-of-the-art facilities.,BCA|B.Sc,Average package: ₹12 LPA; Highest package: ₹22 LPA,Gym|WiFi|Research Labs|Medical Center,https://example.com/college34.jpg,0.33336097527297764,3754,83,14,A++
College 35,Indore,Karnataka,Central University,23,388496,3.7,1612,College 35 is a prestigious institution located in Indore; Karnataka. Known for its excellent academic programs and state-of-the-art facilities.,BA|B.Des|B.Com,Average package: ₹9 LPA; Highest package: ₹26 LPA,Parking|Cafeteria|Bank|Auditorium|Library|Sports Complex,https://example.com/college35.jpg,0.3924233197446231,5513,23,10,B++
College 36,Srinagar,Rajasthan,Government,47,547868,3.5,1402,College 36 is a prestigious institution located in Srinagar; Rajasthan. Known for its excellent academic programs and state-of-the-art facilities.,B.Tech CSE,Average package: ₹8 LPA; Highest package: ₹24 LPA,Medical Center|Conference Hall,https://example.com/college36.jpg,0.12377822410460437,3225,47,15,B++
College 37,Varanasi,Maharashtra,Autonomous,34,523569,3.8,554,College 37 is a prestigious institution located in Varanasi; Maharashtra. Known for its excellent academic programs and state-of-the-art facilities.,B.Tech AI|B.Tech CSE|B.Tech ME|BA|BBA,Average package: ₹16 LPA; Highest package: ₹26 LPA,Labs|Research Labs|Computer Center,https://example.com/college37.jpg,0.40198328823002083,1698,34,7,B++
College 38,Jaipur,Tamil Nadu,Deemed University,138,164613,4.0,1772,College 38 is a prestigious institution located in Jaipur; Tamil Nadu. Known for its excellent academic programs and state-of-the-art facilities.,BBA|B.Tech CSE|B.Com,Average package: ₹9 LPA; Highest package: ₹21 LPA,Hostel|Bank|Library|Conference Hall|Parking|Transport|Computer Center|ATM|Innovation Center,https://example.com/college38.jpg,0.22656580159692605,2842,138,12,B++
College 39,Agra,Andhra Pradesh,Deemed University,115,355183,3.5,409,College 39 is a prestigious institution located in Agra; Andhra Pradesh. Known for its excellent academic programs and state-of-the-art facilities.,MBA IT|B.Tech CE|MBA HR|B.Tech ECE|B.Tech IT,Average package: ₹4 LPA; Highest package: ₹18 LPA,Hostel|Cafeteria|Medical Center|Bank|Canteen,https://example.com/college39.jpg,0.4744916102262625,1071,115,18,A+
College 40,Hyderabad,Maharashtra,Deemed University,14,332268,4.5,549,College 40 is a prestigious institution located in Hyderabad; Maharashtra. Known for its excellent academic programs and state-of-the-art facilities.,BA|B.Tech ECE|B.Tech ME|MBA Finance|B.Tech CE|B.Des,Average package: ₹8 LPA; Highest package: ₹16 LPA,Transport|Innovation Center|Hostel|WiFi|Computer Center|ATM|Sports Complex,https://example.com/college40.jpg,0.21389792475563296,3552,14,6,A++
College 41,Mumbai,Telangana,Government,136,110087,3.5,1505,College 41 is a prestigious institution located in Mumbai; Telangana. Known for its excellent academic programs and state-of-the-art facilities.,MBA HR|B.Tech ME|B.Pharma,Average package: ₹15 LPA; Highest package: ₹39 LPA,Gym|Sports Complex|Library|ATM|Bank|Computer Center|WiFi|Parking|Medical Center,https://example.com/college41.jpg,0.259340443503493,1717,136,4,A+
College 42,Visakhapatnam,Madhya Pradesh,Autonomous,93,145524,3.1,955,College 42 is a prestigious institution located in Visakhapatnam; Madhya Pradesh. Known for its excellent academic programs and state-of-the-art facilities.,BBA|B.Com|B.Tech ME|B.Pharma|BCA|MBA HR|MBA Finance,Average package: ₹5 LPA; Highest package: ₹28 LPA,WiFi|Hostel|Conference Hall|Canteen|Library,https://example.com/college42.jpg,0.22774324207026087,4335,93,6,A++
College 43,Rajkot,Maharashtra,Central University,164,460653,3.1,1195,College 43 is a prestigious institution located in Rajkot; Maharashtra. Known for its excellent academic programs and state-of-the-art facilities.,B.Tech CE|MBA Marketing|B.Tech ECE,Average package: ₹11 LPA; Highest package: ₹29 LPA,Canteen|Conference Hall|Gym|Labs,https://example.com/college43.jpg,0.36159976144156125,1034,164,14,A+
College 44,Ghaziabad,Telangana,Central University,160,151370,4.3,791,College 44 is a prestigious institution located in Ghaziabad; Telangana. Known for its excellent academic programs and state-of-the-art facilities.,B.Pharma|B.Arch,Average package: ₹8 LPA; Highest package: ₹22 LPA,Gym|Research Labs|ATM|Canteen|Hostel,https://example.com/college44.jpg,0.2573995325498256,2522,160,9,B++
College 45,Varanasi,Jharkhand,State University,199,175937,4.8,251,College 45 is a prestigious institution located in Varanasi; Jharkhand. Known for its excellent academic programs and state-of-the-art facilities.,B.Tech CE|BA,Average package: ₹7 LPA; Highest package: ₹13 LPA,Computer Center|Gym|Labs|Cafeteria|Bank|Conference Hall,https://example.com/college45.jpg,0.22357146666400385,2097,199,19,A
College 46,Chennai,West Bengal,State University,139,436026,3.8,1054,College 46 is a prestigious institution located in Chennai; West Bengal. Known for its excellent academic programs and state-of-the-art facilities.,B.Tech AI|B.Pharma|B.Tech CE|B.Des|BCA|BDS,Average package: ₹17 LPA; Highest package: ₹24 LPA,Medical Center|Library|Canteen|Conference Hall|Labs|Computer Center,https://example.com/college46.jpg,0.33645754910805303,4476,139,8,A++
College 47,Mumbai,Madhya Pradesh,Central University,76,274280,4.5,733,College 47 is a prestigious institution located in Mumbai; Madhya Pradesh. Known for its excellent academic programs and state-of-the-art facilities.,MBA HR|B.Tech IT|B.Com|B.Pharma|BBA,Average package: ₹9 LPA; Highest package: ₹22 LPA,WiFi|Library|Gym,https://example.com/college47.jpg,0.1242006474223135,3926,76,18,B+
College 48,Pune,Punjab,State University,21,510948,4.0,364,College 48 is a prestigious institution located in Pune; Punjab. Known for its excellent academic programs and state-of-the-art facilities.,B.Tech CSE|B.Com|B.Des|B.Tech AI|BA|BCA,Average package: ₹3 LPA; Highest package: ₹10 LPA,ATM|Library|Sports Complex,https://example.com/college48.jpg,0.10843684635484614,5306,21,4,A
College 49,Vasai-Virar,Delhi,Central University,31,97060,3.8,678,College 49 is a prestigious institution located in Vasai-Virar; Delhi. Known for its excellent academic programs and state-of-the-art facilities.,B.Pharma|B.Tech AI|BDS|B.Tech ECE|MBA HR|B.Com|MBA Finance|B.Tech ME,Average package: ₹8 LPA; Highest package: ₹25 LPA,Medical Center|Cafeteria|Hostel,https://example.com/college49.jpg,0.43353985230631387,3429,31,12,B+
College 50,Kolkata,Telangana,Government,76,79979,4.8,1099,College 50 is a prestigious institution located in Kolkata; Telangana. Known for its excellent academic programs and state-of-the-art facilities.,MBA Marketing|BA,Average package: ₹9 LPA; Highest package: ₹32 LPA,Cafeteria|Gym|Innovation Center|Parking|ATM,https://example.com/college50.jpg,0.27955252382234314,4972,76,6,A
College 51,Faridabad,Bihar,Deemed University,190,384533,3.9,587,College 51 is a prestigious institution located in Faridabad; Bihar. Known for its excellent academic programs and state-of-the-art facilities.,B.Tech CE|BA,Average package: ₹17 LPA; Highest package: ₹37 LPA,Computer Center|Transport|Labs|Parking|Canteen,https://example.com/college51.jpg,0.2567096520198655,5081,190,4,B+
College 52,Kolkata,Chhattisgarh,Private University,82,104158,3.5,1864,College 52 is a prestigious institution located in Kolkata; Chhattisgarh. Known for its excellent academic programs and state-of-the-art facilities.,B.Tech CSE,Average package: ₹7 LPA; Highest package: ₹15 LPA,WiFi|Research Labs|Bank,https://example.com/college52.jpg,0.1145275196329179,2919,82,12,A++
College 53,Bhopal,Haryana,Central University,10,377951,5.0,1173,College 53 is a prestigious institution located in Bhopal; Haryana. Known for its excellent academic programs and state-of-the-art facilities.,MBA Operations|MBA Marketing,Average package: ₹5 LPA; Highest package: ₹22 LPA,Labs|Innovation Center|Research Labs|Library|Medical Center|Computer Center|Transport,https://example.com/college53.jpg,0.20551306440021644,4160,10,14,B++
College 54,Varanasi,Gujarat,Private,48,100990,4.9,605,College 54 is a prestigious institution located in Varanasi; Gujarat. Known for its excellent academic programs and state-of-the-art facilities.,B.Tech IT|BCA|BBA|B.Pharma|BDS,Average package: ₹5 LPA; Highest package: ₹24 LPA,Innovation Center|Labs|Sports Complex|WiFi,https://example.com/college54.jpg,0.49071931948252967,2980,48,17,B++
College 55,Vadodara,Assam,State University,122,464862,4.3,1136,College 55 is a prestigious institution located in Vadodara; Assam. Known for its excellent academic programs and state-of-the-art facilities.,BA|B.Des|B.Tech ECE|B.Arch,Average package: ₹4 LPA; Highest package: ₹17 LPA,Cafeteria|Computer Center|Canteen|WiFi|Bank|Conference Hall|Innovation Center|Library,https://example.com/college55.jpg,0.12174119353042162,5070,122,15,A++
College 56,Delhi,Rajasthan,State University,65,131899,3.1,822,College 56 is a prestigious institution located in Delhi; Rajasthan. Known for its excellent academic programs and state-of-the-art facilities.,BBA|B.Des|MBA Operations|B.Tech ECE,Average package: ₹17 LPA; Highest package: ₹26 LPA,Gym|WiFi|Library|Transport|Medical Center|Conference Hall|ATM,https://example.com/college56.jpg,0.3910862217180019,3040,65,12,B++
College 57,Delhi,Uttarakhand,Autonomous,88,127534,3.2,296,College 57 is a prestigious institution located in Delhi; Uttarakhand. Known for its excellent academic programs and state-of-the-art facilities.,BBA|B.Tech IT,Average package: ₹12 LPA; Highest package: ₹36 LPA,Auditorium|Hostel|Cafeteria|Innovation Center|Conference Hall,https://example.com/college57.jpg,0.22417115490435405,1031,88,17,A
College 58,Vadodara,Bihar,State University,53,276902,4.4,1750,College 58 is a prestigious institution located in Vadodara; Bihar. Known for its excellent academic programs and state-of-the-art facilities.,MBA Marketing|B.Tech IT,Average package: ₹9 LPA; Highest package: ₹26 LPA,Research Labs|Transport|Medical Center,https://example.com/college58.jpg,0.33106509387206173,1006,53,6,A++
College 59,Jaipur,Gujarat,Autonomous,164,257430,3.6,1675,College 59 is a prestigious institution located in Jaipur; Gujarat. Known for its excellent academic programs and state-of-the-art facilities.,BBA|B.Sc|B.Tech IT|B.Tech CE|BA|B.Arch|B.Pharma|MBA Marketing,Average package: ₹14 LPA; Highest package: ₹30 LPA,Transport|Gym|Auditorium|Bank|Computer Center,https://example.com/college59.jpg,0.19707043606255856,2686,164,12,A
College 60,Meerut,Rajasthan,Private,132,509104,4.8,382,College 60 is a prestigious institution located in Meerut; Rajasthan. Known for its excellent academic programs and state-of-the-art facilities.,BDS|MBA Operations|B.Tech ME|MBA Finance,Average package: ₹17 LPA; Highest package: ₹26 LPA,Sports Complex|Cafeteria|Labs|Canteen|Computer Center|Transport|Auditorium,https://example.com/college60.jpg,0.44883270483382864,1883,132,3,B+
College 61,Vasai-Virar,Madhya Pradesh,Central University,130,489187,3.7,2020,College 61 is a prestigious institution located in Vasai-Virar; Madhya Pradesh. Known for its excellent academic programs and state-of-the-art facilities.,B.Tech CSE,Average package: ₹4 LPA; Highest package: ₹13 LPA,Library|Cafeteria|Research Labs|Canteen,https://example.com/college61.jpg,0.16874431733149164,3468,130,12,A++
College 62,Chennai,Telangana,Private,124,195378,3.3,84,College 62 is a prestigious institution located in Chennai; Telangana. Known for its excellent academic programs and state-of-the-art facilities.,BDS|MBA HR|MBA IT|BA|BCA,Average package: ₹16 LPA; Highest package: ₹39 LPA,Parking|Auditorium|Sports Complex|Research Labs|Labs|Cafeteria|ATM,https://example.com/college62.jpg,0.48033488000916413,3954,124,5,A
College 63,Indore,Jharkhand,Institute of National Importance,56,108136,3.9,1282,College 63 is a prestigious institution located in Indore; Jharkhand. Known for its excellent academic programs and state-of-the-art facilities.,MBA Marketing,Average package: ₹5 LPA; Highest package: ₹10 LPA,Hostel|Computer Center|Auditorium|Canteen|Gym|Innovation Center|Bank,https://example.com/college63.jpg,0.3192011818500101,5941,56,14,B++
College 64,Faridabad,Rajasthan,Central University,161,104856,4.3,695,College 64 is a prestigious institution located in Faridabad; Rajasthan. Known for its excellent academic programs and state-of-the-art facilities.,BDS,Average package: ₹3 LPA; Highest package: ₹14 LPA,Research Labs|Medical Center|Library|ATM|WiFi,https://example.com/college64.jpg,0.32063506416358806,4255,161,4,A++
College 65,Jaipur,Madhya Pradesh,Private University,191,481159,4.7,1591,College 65 is a prestigious institution located in Jaipur; Madhya Pradesh. Known for its excellent academic programs and state-of-the-art facilities.,BCA|BBA|B.Tech AI|B.Sc|BA|B.Tech CSE|BDS,Average package: ₹11 LPA; Highest package: ₹20 LPA,Gym|Medical Center|ATM|Research Labs|Conference Hall|Auditorium|Parking,https://example.com/college65.jpg,0.2116198358046817,4131,191,15,A++
College 66,Srinagar,Uttarakhand,Institute of National Importance,110,184419,3.6,252,College 66 is a prestigious institution located in Srinagar; Uttarakhand. Known for its excellent academic programs and state-of-the-art facilities.,B.Des|B.Tech ME|MBA Finance|MBA Marketing|MBA IT|B.Tech AI|B.Sc,Average package: ₹17 LPA; Highest package: ₹23 LPA,ATM|Computer Center|Labs,https://example.com/college66.jpg,0.22197085916066348,2149,110,20,A+
College 67,Kolkata,Bihar,State University,20,184851,3.4,476,College 67 is a prestigious institution located in Kolkata; Bihar. Known for its excellent academic programs and state-of-the-art facilities.,BA|BCA,Average package: ₹5 LPA; Highest package: ₹15 LPA,Canteen|Parking|Bank|Gym,https://example.com/college67.jpg,0.14129985906404108,2849,20,10,A+
College 68,Agra,Chhattisgarh,Private University,162,346812,4.7,2025,College 68 is a prestigious institution located in Agra; Chhattisgarh. Known for its excellent academic programs and state-of-the-art facilities.,MBA HR,Average package: ₹12 LPA; Highest package: ₹36 LPA,ATM|Transport|Labs|Medical Center,https://example.com/college68.jpg,0.42119686884825325,4137,162,20,A
College 69,Visakhapatnam,Rajasthan,Autonomous,75,280822,4.9,504,College 69 is a prestigious institution located in Visakhapatnam; Rajasthan. Known for its excellent academic programs and state-of-the-art facilities.,BBA|BCA|MBA IT|BA|B.Sc|B.Pharma|B.Com,Average package: ₹11 LPA; Highest package: ₹19 LPA,Bank|Auditorium|Medical Center|Transport,https://example.com/college69.jpg,0.40709070958974647,3648,75,17,A++
College 70,Ghaziabad,Haryana,Central University,135,451599,3.3,1726,College 70 is a prestigious institution located in Ghaziabad; Haryana. Known for its excellent academic programs and state-of-the-art facilities.,B.Tech CE|B.Sc|BBA|MBA Marketing|BDS,Average package: ₹15 LPA; Highest package: ₹34 LPA,Medical Center|Hostel|Parking|Cafeteria,https://example.com/college70.jpg,0.37991670427709623,4982,135,12,A
College 71,Srinagar,Delhi,Government,144,191698,3.4,624,College 71 is a prestigious institution located in Srinagar; Delhi. Known for its excellent academic programs and state-of-the-art facilities.,BDS|MBA Operations|MBA IT|B.Tech IT|B.Tech CE,Average package: ₹12 LPA; Highest package: ₹24 LPA,Computer Center|Bank|Transport,https://example.com/college71.jpg,0.1718553613166881,3299,144,15,A
College 72,Chennai,Punjab,State University,126,76519,4.2,556,College 72 is a prestigious institution located in Chennai; Punjab. Known for its excellent academic programs and state-of-the-art facilities.,B.Arch|MBA HR|B.Des|B.Tech CE|B.Com,Average package: ₹12 LPA; Highest package: ₹34 LPA,Medical Center|Library|Canteen|Computer Center|Bank,https://example.com/college72.jpg,0.11208178727173546,4962,126,6,A+
College 73,Varanasi,Maharashtra,Government,136,391115,4.2,1538,College 73 is a prestigious institution located in Varanasi; Maharashtra. Known for its excellent academic programs and state-of-the-art facilities.,BDS|B.Tech CSE|B.Sc|B.Pharma|B.Tech AI|B.Tech IT|MBA Finance,Average package: ₹13 LPA; Highest package: ₹29 LPA,Parking|Sports Complex|WiFi,https://example.com/college73.jpg,0.10776527513382939,2668,136,7,A
College 74,Nagpur,West Bengal,Central University,56,490640,4.2,652,College 74 is a prestigious institution located in Nagpur; West Bengal. Known for its excellent academic programs and state-of-the-art facilities.,MBA IT|BDS|B.Tech CSE|BCA|B.Tech IT|BBA,Average package: ₹3 LPA; Highest package: ₹14 LPA,Research Labs|Gym|Conference Hall|WiFi|Medical Center,https://example.com/college74.jpg,0.1796302895658931,4718,56,8,A+
College 75,Nagpur,Karnataka,Central University,86,376665,4.7,872,College 75 is a prestigious institution located in Nagpur; Karnataka. Known for its excellent academic programs and state-of-the-art facilities.,B.Tech ECE|BDS|B.Tech CSE,Average package: ₹9 LPA; Highest package: ₹25 LPA,Parking|Medical Center|Canteen|Gym|Labs|Bank,https://example.com/college75.jpg,0.16324457484982546,3862,86,6,B+
College 76,Kanpur,Uttarakhand,State University,124,336060,3.3,1584,College 76 is a prestigious institution located in Kanpur; Uttarakhand. Known for its excellent academic programs and state-of-the-art facilities.,BDS|BA|BBA,Average package: ₹15 LPA; Highest package: ₹29 LPA,Cafeteria|Canteen|WiFi|Library|Labs|Research Labs|Gym,https://example.com/college76.jpg,0.47328837718615613,3651,124,19,A++
College 77,Mumbai,Karnataka,Autonomous,123,247129,3.8,396,College 77 is a prestigious institution located in Mumbai; Karnataka. Known for its excellent academic programs and state-of-the-art facilities.,BA|B.Des|B.Tech ECE,Average package: ₹14 LPA; Highest package: ₹33 LPA,Auditorium|Cafeteria|Conference Hall|Labs,https://example.com/college77.jpg,0.12266109674533872,5961,123,18,B++
College 78,Ahmedabad,Odisha,State University,84,303938,4.4,1826,College 78 is a prestigious institution located in Ahmedabad; Odisha. Known for its excellent academic programs and state-of-the-art facilities.,B.Tech CE|BCA|BBA|B.Pharma|MBA IT|B.Tech ECE,Average package: ₹12 LPA; Highest package: ₹19 LPA,Library|Research Labs|Parking|Gym|Cafeteria|Auditorium|Hostel|WiFi,https://example.com/college78.jpg,0.3273101965265688,3808,84,17,B+
College 79,Srinagar,Kerala,Institute of National Importance,41,98135,3.2,1628,College 79 is a prestigious institution located in Srinagar; Kerala. Known for its excellent academic programs and state-of-the-art facilities.,MBA HR|B.Com|B.Tech CE|B.Arch|BCA,Average package: ₹13 LPA; Highest package: ₹33 LPA,Cafeteria|Parking|Conference Hall|ATM|Gym|Library|Computer Center|Hostel,https://example.com/college79.jpg,0.3809126357405116,5090,41,14,B++
College 80,Nashik,Bihar,State University,107,99539,4.0,239,College 80 is a prestigious institution located in Nashik; Bihar. Known for its excellent academic programs and state-of-the-art facilities.,B.Tech CSE|MBA IT|MBA Finance,Average package: ₹11 LPA; Highest package: ₹16 LPA,Hostel|Bank|WiFi|Gym|Cafeteria|ATM|Library,https://example.com/college80.jpg,0.10640119248487429,1774,107,3,B++
College 81,Bangalore,Madhya Pradesh,Central University,18,529847,4.7,1264,College 81 is a prestigious institution located in Bangalore; Madhya Pradesh. Known for its excellent academic programs and state-of-the-art facilities.,BDS|MBA Marketing,Average package: ₹5 LPA; Highest package: ₹11 LPA,Innovation Center|Sports Complex|Computer Center|Cafeteria,https://example.com/college81.jpg,0.37937253791382786,3601,18,2,B++
College 82,Delhi,Odisha,Institute of National Importance,160,474944,3.7,1692,College 82 is a prestigious institution located in Delhi; Odisha. Known for its excellent academic programs and state-of-the-art facilities.,BA|B.Tech AI|B.Arch|B.Des|BDS|B.Tech CE|MBA Operations|MBA HR,Average package: ₹4 LPA; Highest package: ₹11 LPA,Medical Center|Innovation Center|Parking|ATM|Research Labs,https://example.com/college82.jpg,0.33571765976645335,2488,160,20,A
College 83,Indore,West Bengal,Government,2,201282,3.2,1865,College 83 is a prestigious institution located in Indore; West Bengal. Known for its excellent academic programs and state-of-the-art facilities.,B.Sc|BBA|MBA Operations|B.Arch|B.Des,Average package: ₹4 LPA; Highest package: ₹9 LPA,Labs|Sports Complex|Transport|Medical Center,https://example.com/college83.jpg,0.2506105063582263,5997,2,19,A
College 84,Meerut,Uttar Pradesh,Deemed University,166,135748,3.7,1242,College 84 is a prestigious institution located in Meerut; Uttar Pradesh. Known for its excellent academic programs and state-of-the-art facilities.,B.Tech ECE|B.Pharma,Average package: ₹12 LPA; Highest package: ₹18 LPA,Canteen|Transport|Innovation Center|WiFi,https://example.com/college84.jpg,0.2366668247920563,2953,166,16,A++
College 85,Visakhapatnam,Kerala,State University,50,422027,3.3,1812,College 85 is a prestigious institution located in Visakhapatnam; Kerala. Known for its excellent academic programs and state-of-the-art facilities.,B.Tech CSE|B.Com|MBA Marketing|BBA|B.Tech AI,Average package: ₹3 LPA; Highest package: ₹20 LPA,Innovation Center|Transport|Library,https://example.com/college85.jpg,0.469169882049037,3999,50,10,A
College 86,Kolkata,Maharashtra,Central University,22,290675,4.8,1694,College 86 is a prestigious institution located in Kolkata; Maharashtra. Known for its excellent academic programs and state-of-the-art facilities.,B.Sc|MBA HR|B.Tech ME|MBA Operations|BDS,Average package: ₹12 LPA; Highest package: ₹22 LPA,Research Labs|ATM|Auditorium|Cafeteria|Computer Center|WiFi|Transport,https://example.com/college86.jpg,0.29487426205325273,2905,22,19,A
College 87,Vadodara,Delhi,Institute of National Importance,83,208248,3.6,1167,College 87 is a prestigious institution located in Vadodara; Delhi. Known for its excellent academic programs and state-of-the-art facilities.,BCA|B.Tech IT|B.Des|B.Tech CE|B.Sc,Average package: ₹8 LPA; Highest package: ₹21 LPA,Research Labs|Gym|Conference Hall,https://example.com/college87.jpg,0.13755302217236876,5390,83,8,A
College 88,Agra,Uttarakhand,Private University,35,120428,4.9,976,College 88 is a prestigious institution located in Agra; Uttarakhand. Known for its excellent academic programs and state-of-the-art facilities.,BA|B.Tech ME|BBA|B.Tech CSE|B.Com|MBA HR,Average package: ₹10 LPA; Highest package: ₹15 LPA,Labs|Bank|Library,https://example.com/college88.jpg,0.2306262923067769,5388,35,2,A++
College 89,Vadodara,Tamil Nadu,Private,3,448728,3.8,1447,College 89 is a prestigious institution located in Vadodara; Tamil Nadu. Known for its excellent academic programs and state-of-the-art facilities.,BA|B.Arch|BBA|MBA Operations|MBA HR,Average package: ₹6 LPA; Highest package: ₹22 LPA,Canteen|Hostel|Conference Hall|Gym|Sports Complex|Library,https://example.com/college89.jpg,0.1789570893087713,1558,3,16,B++
College 90,Agra,Madhya Pradesh,Private,56,161463,5.0,1955,College 90 is a prestigious institution located in Agra; Madhya Pradesh. Known for its excellent academic programs and state-of-the-art facilities.,MBA Operations|B.Arch|BCA|B.Tech CSE|B.Tech ME,Average package: ₹3 LPA; Highest package: ₹8 LPA,Cafeteria|Auditorium|Transport|Medical Center|Canteen|Research Labs,https://example.com/college90.jpg,0.13943111743494896,2223,56,18,A
College 91,Delhi,Madhya Pradesh,Autonomous,16,543679,4.1,1216,College 91 is a prestigious institution located in Delhi; Madhya Pradesh. Known for its excellent academic programs and state-of-the-art facilities.,MBA IT|B.Tech ME|B.Des|B.Pharma|B.Tech CE,Average package: ₹5 LPA; Highest package: ₹26 LPA,WiFi|ATM|Auditorium|Parking,https://example.com/college91.jpg,0.2347345198363506,5495,16,9,A++
College 92,Mumbai,Uttarakhand,State University,99,191451,3.4,1319,College 92 is a prestigious institution located in Mumbai; Uttarakhand. Known for its excellent academic programs and state-of-the-art facilities.,B.Arch|B.Tech ECE,Average package: ₹15 LPA; Highest package: ₹25 LPA,Transport|Computer Center|Research Labs|Medical Center|Parking|Cafeteria|WiFi,https://example.com/college92.jpg,0.2964940473742689,4272,99,19,B+
College 93,Jaipur,Haryana,Government,161,196671,4.4,1007,College 93 is a prestigious institution located in Jaipur; Haryana. Known for its excellent academic programs and state-of-the-art facilities.,BDS|B.Com,Average package: ₹3 LPA; Highest package: ₹21 LPA,Cafeteria|Canteen|Gym|Library|Innovation Center,https://example.com/college93.jpg,0.32831883702279796,1451,161,3,B++
College 94,Faridabad,Punjab,Deemed University,146,491730,4.5,353,College 94 is a prestigious institution located in Faridabad; Punjab. Known for its excellent academic programs and state-of-the-art facilities.,BA|B.Sc|B.Tech IT|B.Pharma|B.Tech CSE,Average package: ₹11 LPA; Highest package: ₹27 LPA,Hostel|Bank|Transport,https://example.com/college94.jpg,0.20905940762971215,2289,146,5,B+
College 95,Vasai-Virar,Haryana,State University,41,68606,3.4,1815,College 95 is a prestigious institution located in Vasai-Virar; Haryana. Known for its excellent academic programs and state-of-the-art facilities.,BCA|B.Tech AI,Average package: ₹11 LPA; Highest package: ₹30 LPA,Sports Complex|Conference Hall|Hostel|Gym|Research Labs|ATM,https://example.com/college95.jpg,0.2586464432850416,2285,41,12,A
College 96,Nagpur,Jharkhand,Government,75,364588,3.9,1864,College 96 is a prestigious institution located in Nagpur; Jharkhand. Known for its excellent academic programs and state-of-the-art facilities.,B.Tech IT|B.Pharma,Average package: ₹15 LPA; Highest package: ₹39 LPA,Auditorium|Gym|WiFi,https://example.com/college96.jpg,0.3101519481148598,2463,75,2,A+
College 97,Vadodara,Assam,Autonomous,53,274591,4.2,1987,College 97 is a prestigious institution located in Vadodara; Assam. Known for its excellent academic programs and state-of-the-art facilities.,BA|B.Arch|MBA Finance|B.Com|BCA,Average package: ₹13 LPA; Highest package: ₹29 LPA,Parking|Hostel|Sports Complex|Bank,https://example.com/college97.jpg,0.35961686177138874,3184,53,11,B++
College 98,Ghaziabad,Rajasthan,Central University,96,261953,3.5,344,College 98 is a prestigious institution located in Ghaziabad; Rajasthan. Known for its excellent academic programs and state-of-the-art facilities.,BDS|MBA Operations|B.Sc|B.Pharma|B.Tech CSE,Average package: ₹14 LPA; Highest package: ₹19 LPA,Transport|Library|Parking|WiFi|Cafeteria|Innovation Center|Conference Hall,https://example.com/college98.jpg,0.30300689528908886,4691,96,20,B++
College 99,Pimpri-Chinchwad,Madhya Pradesh,Government,157,229611,4.0,1274,College 99 is a prestigious institution located in Pimpri-Chinchwad; Madhya Pradesh. Known for its excellent academic programs and state-of-the-art facilities.,B.Sc|B.Des|MBA IT|MBA Marketing|BDS|B.Com|MBA Operations,Average package: ₹12 LPA; Highest package: ₹28 LPA,Bank|Innovation Center|Gym|Computer Center|WiFi|Labs|Canteen|Parking|Medical Center,https://example.com/college99.jpg,0.18101059304179784,2445,157,11,B+
College 100,Bhopal,Gujarat,Autonomous,197,106575,3.2,422,College 100 is a prestigious institution located in Bhopal; Gujarat. Known for its excellent academic programs and state-of-the-art facilities.,B.Pharma,Average package: ₹4 LPA; Highest package: ₹22 LPA,ATM|Gym|Bank|Library|Labs|Sports Complex|Canteen|Transport|Innovation Center|WiFi,https://example.com/college100.jpg,0.33098165977230176,4912,197,9,A+
